flight_id,source,destination,capacity,seats_remaining,dep_date,dep_hour
PA0,Calgary,Vancouver,100,3,2027-01-11,04:00:00
PA1,Ottawa,Toronto,100,86,2027-07-18,12:00:00
PA2,Toronto,Vancouver,100,3,2027-01-16,16:00:00
PA3,Vancouver,Montreal,100,71,2027-01-09,12:00:00
PA4,Vancouver,Montreal,200,1,2027-03-12,08:00:00
PA5,Calgary,Toronto,150,55,2026-11-05,12:00:00
PA6,Calgary,Ottawa,100,45,2026-10-11,20:00:00
PA7,Toronto,Montreal,250,137,2026-10-29,16:00:00
PA8,Ottawa,Calgary,200,160,2027-07-11,04:00:00
PA9,Vancouver,Calgary,100,5,2026-10-29,04:00:00
PA10,Calgary,Montreal,100,48,2027-08-10,08:00:00
PA11,Calgary,Vancouver,150,94,2027-08-28,08:00:00
PA12,Vancouver,Ottawa,100,77,2026-12-11,12:00:00
PA13,Ottawa,Vancouver,250,69,2027-09-04,08:00:00
PA14,Toronto,Calgary,100,29,2027-04-12,08:00:00
PA15,Ottawa,Calgary,100,27,2027-01-05,20:00:00
PA16,Montreal,Vancouver,250,101,2027-02-01,04:00:00
PA17,Ottawa,Calgary,150,143,2027-07-15,12:00:00
PA18,Vancouver,Ottawa,250,92,2027-06-06,12:00:00
PA19,Toronto,Ottawa,100,96,2026-12-06,20:00:00
PA20,Ottawa,Toronto,150,108,2027-04-04,12:00:00
PA21,Calgary,Toronto,250,135,2027-09-02,20:00:00
PA22,Ottawa,Calgary,100,87,2027-08-13,08:00:00
PA23,Montreal,Vancouver,100,37,2027-05-09,00:00:00
PA24,Vancouver,Toronto,200,128,2027-08-05,08:00:00
PA25,Calgary,Vancouver,150,39,2027-06-22,16:00:00
PA26,Calgary,Montreal,100,76,2026-09-28,00:00:00
PA27,Vancouver,Toronto,200,78,2027-01-20,16:00:00
PA28,Montreal,Toronto,100,10,2027-06-18,04:00:00
PA29,Ottawa,Vancouver,150,121,2027-02-01,16:00:00
PA30,Vancouver,Ottawa,250,246,2027-09-19,08:00:00
PA31,Calgary,Montreal,250,171,2027-06-10,12:00:00
PA32,Vancouver,Toronto,100,31,2027-03-11,00:00:00
PA33,Vancouver,Toronto,150,150,2026-10-25,20:00:00
PA34,Toronto,Ottawa,100,29,2027-03-07,00:00:00
PA35,Montreal,Vancouver,150,71,2027-06-22,04:00:00
PA36,Montreal,Ottawa,250,62,2026-12-25,00:00:00
PA37,Montreal,Calgary,100,84,2027-04-23,12:00:00
PA38,Toronto,Ottawa,250,221,2026-10-20,12:00:00
PA39,Vancouver,Ottawa,200,27,2026-12-25,16:00:00
PA40,Montreal,Vancouver,250,35,2027-02-08,12:00:00
PA41,Montreal,Toronto,150,19,2026-10-14,20:00:00
PA42,Vancouver,Ottawa,100,11,2027-04-15,12:00:00
PA43,Montreal,Toronto,250,54,2026-12-12,12:00:00
PA44,Calgary,Montreal,100,49,2027-02-12,12:00:00
PA45,Vancouver,Calgary,250,39,2027-01-08,00:00:00
PA46,Calgary,Toronto,100,95,2026-10-14,16:00:00
PA47,Ottawa,Vancouver,250,128,2026-10-18,16:00:00
PA48,Toronto,Ottawa,100,23,2027-08-30,04:00:00
PA49,Ottawa,Vancouver,250,30,2027-07-12,16:00:00
PA50,Toronto,Montreal,100,79,2027-08-21,16:00:00
PA51,Vancouver,Calgary,200,66,2027-01-19,08:00:00
PA52,Calgary,Montreal,250,33,2027-02-27,00:00:00
PA53,Ottawa,Toronto,100,58,2026-10-26,16:00:00
PA54,Calgary,Vancouver,150,129,2027-03-16,00:00:00
PA55,Calgary,Vancouver,150,94,2027-05-01,16:00:00
PA56,Ottawa,Toronto,200,156,2027-08-26,16:00:00
PA57,Toronto,Vancouver,200,169,2027-02-01,00:00:00
PA58,Ottawa,Vancouver,100,95,2027-02-05,08:00:00
PA59,Vancouver,Calgary,150,87,2027-06-04,12:00:00
PA60,Toronto,Montreal,200,13,2027-02-07,00:00:00
PA61,Vancouver,Calgary,100,42,2026-12-10,20:00:00
PA62,Montreal,Toronto,250,141,2026-11-15,00:00:00
PA63,Toronto,Calgary,150,139,2027-07-14,16:00:00
PA64,Vancouver,Toronto,150,110,2027-02-23,08:00:00
PA65,Vancouver,Ottawa,100,45,2027-08-26,00:00:00
PA66,Ottawa,Montreal,200,199,2027-08-02,20:00:00
PA67,Vancouver,Ottawa,150,60,2027-04-18,00:00:00
PA68,Montreal,Vancouver,150,85,2027-02-02,04:00:00
PA69,Toronto,Montreal,100,48,2027-01-10,04:00:00
PA70,Calgary,Vancouver,250,89,2027-01-11,00:00:00
PA71,Calgary,Ottawa,150,102,2026-10-24,08:00:00
PA72,Ottawa,Montreal,200,164,2027-09-01,16:00:00
PA73,Toronto,Calgary,200,7,2026-12-19,16:00:00
PA74,Toronto,Montreal,200,9,2027-03-14,20:00:00
PA75,Ottawa,Toronto,200,111,2027-04-04,16:00:00
PA76,Toronto,Montreal,150,65,2026-09-19,16:00:00
PA77,Montreal,Toronto,150,93,2027-08-25,08:00:00
PA78,Toronto,Calgary,200,169,2027-06-05,08:00:00
PA79,Montreal,Calgary,250,83,2027-06-29,04:00:00
PA80,Montreal,Vancouver,150,107,2027-07-31,16:00:00
PA81,Ottawa,Toronto,200,103,2027-02-21,08:00:00
PA82,Ottawa,Calgary,150,110,2027-05-15,12:00:00
PA83,Vancouver,Montreal,250,172,2026-12-14,20:00:00
PA84,Ottawa,Calgary,100,36,2026-11-05,04:00:00
PA85,Vancouver,Ottawa,200,57,2026-10-01,00:00:00
PA86,Ottawa,Toronto,150,121,2027-05-10,12:00:00
PA87,Montreal,Ottawa,150,98,2027-01-21,04:00:00
PA88,Toronto,Montreal,100,96,2027-01-09,04:00:00
PA89,Ottawa,Vancouver,250,12,2026-11-20,12:00:00
PA90,Ottawa,Calgary,150,118,2027-05-03,16:00:00
PA91,Ottawa,Montreal,250,212,2026-12-09,20:00:00
PA92,Calgary,Vancouver,250,115,2027-08-11,08:00:00
PA93,Vancouver,Calgary,250,160,2027-05-02,00:00:00
PA94,Calgary,Ottawa,200,60,2027-03-01,16:00:00
PA95,Vancouver,Ottawa,100,17,2027-04-03,20:00:00
PA96,Toronto,Montreal,150,54,2027-04-15,08:00:00
PA97,Toronto,Vancouver,250,106,2027-04-22,12:00:00
PA98,Ottawa,Montreal,100,97,2027-05-21,00:00:00
PA99,Montreal,Ottawa,200,76,2027-06-21,20:00:00
PA100,Vancouver,Calgary,150,124,2027-04-30,12:00:00
PA101,Calgary,Montreal,100,49,2026-12-12,12:00:00
PA102,Toronto,Montreal,150,136,2027-07-19,16:00:00
PA103,Montreal,Vancouver,100,10,2027-05-13,04:00:00
PA104,Montreal,Calgary,100,33,2027-01-05,12:00:00
PA105,Montreal,Calgary,200,86,2027-04-22,08:00:00
PA106,Toronto,Ottawa,100,60,2027-03-17,04:00:00
PA107,Toronto,Ottawa,100,99,2027-01-23,04:00:00
PA108,Vancouver,Ottawa,100,79,2026-11-22,12:00:00
PA109,Vancouver,Montreal,100,72,2027-09-12,08:00:00
PA110,Ottawa,Toronto,200,42,2026-12-11,08:00:00
PA111,Toronto,Calgary,100,74,2027-07-10,20:00:00
PA112,Vancouver,Toronto,250,101,2027-07-19,20:00:00
PA113,Calgary,Toronto,150,26,2027-07-05,00:00:00
PA114,Montreal,Calgary,200,136,2026-10-24,16:00:00
PA115,Montreal,Ottawa,200,3,2026-11-12,12:00:00
PA116,Montreal,Vancouver,200,162,2027-04-29,04:00:00
PA117,Ottawa,Montreal,200,157,2027-05-15,12:00:00
PA118,Vancouver,Toronto,200,82,2027-02-08,12:00:00
PA119,Ottawa,Montreal,150,118,2027-03-10,00:00:00
PA120,Calgary,Vancouver,250,217,2027-05-26,04:00:00
PA121,Calgary,Ottawa,200,66,2027-07-21,20:00:00
PA122,Toronto,Vancouver,200,142,2026-11-01,04:00:00
PA123,Ottawa,Vancouver,250,125,2027-09-07,12:00:00
PA124,Toronto,Ottawa,250,114,2027-02-16,04:00:00
PA125,Vancouver,Calgary,250,177,2027-08-24,16:00:00
PA126,Ottawa,Calgary,200,121,2027-04-24,20:00:00
PA127,Montreal,Calgary,200,90,2027-02-22,08:00:00
PA128,Vancouver,Calgary,150,30,2026-11-19,20:00:00
PA129,Vancouver,Montreal,150,49,2027-02-07,20:00:00
PA130,Vancouver,Calgary,200,25,2027-01-13,08:00:00
PA131,Toronto,Vancouver,150,77,2027-02-06,00:00:00
PA132,Calgary,Vancouver,100,70,2027-08-11,12:00:00
PA133,Ottawa,Calgary,100,1,2027-05-17,12:00:00
PA134,Vancouver,Toronto,250,87,2027-01-26,12:00:00
PA135,Montreal,Ottawa,100,8,2026-10-26,16:00:00
PA136,Vancouver,Calgary,100,19,2026-11-01,04:00:00
PA137,Montreal,Vancouver,100,71,2027-06-13,12:00:00
PA138,Montreal,Calgary,250,232,2027-07-17,12:00:00
PA139,Ottawa,Toronto,200,145,2027-07-28,20:00:00
PA140,Vancouver,Ottawa,100,97,2027-02-01,20:00:00
PA141,Vancouver,Ottawa,100,20,2027-06-28,00:00:00
PA142,Montreal,Ottawa,150,0,2027-09-06,16:00:00
PA143,Toronto,Vancouver,250,74,2027-02-13,20:00:00
PA144,Montreal,Toronto,200,179,2027-09-05,04:00:00
PA145,Ottawa,Vancouver,200,160,2027-04-24,00:00:00
PA146,Calgary,Vancouver,150,38,2026-10-25,00:00:00
PA147,Ottawa,Calgary,150,78,2027-05-01,00:00:00
PA148,Calgary,Montreal,250,176,2027-02-05,16:00:00
PA149,Toronto,Ottawa,250,112,2027-04-28,20:00:00
PA150,Calgary,Toronto,200,154,2026-11-04,04:00:00
PA151,Calgary,Toronto,100,97,2026-12-17,12:00:00
PA152,Calgary,Vancouver,250,234,2027-07-15,12:00:00
PA153,Toronto,Montreal,250,248,2027-03-16,12:00:00
PA154,Toronto,Vancouver,200,82,2027-03-06,12:00:00
PA155,Montreal,Toronto,250,73,2027-05-09,00:00:00
PA156,Calgary,Toronto,200,64,2027-04-13,16:00:00
PA157,Ottawa,Montreal,100,84,2027-04-18,00:00:00
PA158,Calgary,Montreal,150,132,2027-08-05,12:00:00
PA159,Calgary,Vancouver,100,26,2027-02-13,12:00:00
PA160,Toronto,Vancouver,250,31,2027-09-17,04:00:00
PA161,Toronto,Montreal,200,141,2026-11-05,04:00:00
PA162,Toronto,Vancouver,100,59,2027-06-01,20:00:00
PA163,Calgary,Montreal,200,130,2027-05-24,12:00:00
PA164,Ottawa,Vancouver,150,116,2027-04-03,04:00:00
PA165,Calgary,Montreal,150,17,2027-03-12,16:00:00
PA166,Calgary,Ottawa,200,0,2027-07-16,16:00:00
PA167,Vancouver,Montreal,250,221,2027-06-21,12:00:00
PA168,Ottawa,Montreal,200,85,2027-05-10,08:00:00
PA169,Ottawa,Montreal,150,61,2027-01-16,12:00:00
PA170,Montreal,Ottawa,100,40,2027-04-04,20:00:00
PA171,Toronto,Vancouver,150,126,2027-06-03,16:00:00
PA172,Montreal,Toronto,200,25,2027-06-15,12:00:00
PA173,Vancouver,Montreal,100,92,2027-08-20,04:00:00
PA174,Calgary,Ottawa,100,60,2027-08-04,20:00:00
PA175,Toronto,Calgary,250,166,2027-08-30,16:00:00
PA176,Calgary,Montreal,250,244,2027-06-23,00:00:00
PA177,Calgary,Vancouver,100,30,2026-11-04,12:00:00
PA178,Toronto,Montreal,100,97,2026-12-13,20:00:00
PA179,Toronto,Calgary,200,7,2026-10-17,08:00:00
PA180,Montreal,Vancouver,200,95,2027-01-22,16:00:00
PA181,Vancouver,Ottawa,250,144,2026-12-17,00:00:00
PA182,Vancouver,Montreal,250,158,2027-07-14,04:00:00
PA183,Calgary,Montreal,150,118,2027-01-27,20:00:00
PA184,Calgary,Vancouver,100,59,2026-10-26,12:00:00
PA185,Calgary,Montreal,200,150,2027-09-07,08:00:00
PA186,Calgary,Vancouver,250,216,2027-04-03,12:00:00
PA187,Montreal,Calgary,100,30,2027-07-10,08:00:00
PA188,Montreal,Calgary,200,5,2026-09-23,16:00:00
PA189,Montreal,Calgary,100,77,2027-01-14,16:00:00
PA190,Vancouver,Calgary,200,56,2027-09-01,20:00:00
PA191,Toronto,Calgary,150,24,2027-05-02,00:00:00
PA192,Vancouver,Toronto,200,187,2027-02-17,08:00:00
PA193,Vancouver,Ottawa,250,44,2027-06-22,08:00:00
PA194,Calgary,Montreal,200,42,2027-02-17,20:00:00
PA195,Montreal,Toronto,200,29,2026-11-30,04:00:00
PA196,Ottawa,Calgary,250,247,2026-11-04,12:00:00
PA197,Ottawa,Toronto,100,33,2027-05-09,08:00:00
PA198,Montreal,Calgary,200,149,2026-11-13,20:00:00
PA199,Toronto,Calgary,150,120,2027-07-28,04:00:00
