flight_id,source,destination,capacity,seats_remaining,dep_date,dep_hour,base_fare,route_popularity,days_until_departure,seasonal_factor,holiday,fare,day_of_week,load_factor,discount_early_bird,discount_midweek,discount_price
PA0,Toronto,Calgary,295,57,2027-01-25,04:00:00,266.0,0.5,124.64812333175928,0.8071,1.0,307.26,0,0.8067796610169491,1.0,1.0,307.26
PA1,Ottawa,Toronto,137,26,2027-07-21,12:00:00,78.0,0.6,301.9814566650926,1.1079,1.0,200.0,2,0.8102189781021898,1.0,0.95,190.0
PA2,Toronto,Vancouver,169,7,2027-01-19,16:00:00,318.0,0.8,119.14812333175928,0.8071,1.0,418.8,1,0.9585798816568047,1.0,0.95,397.86
PA3,Ottawa,Vancouver,183,6,2027-08-20,20:00:00,334.0,0.5,332.3147899984259,1.0504,1.0,528.71,4,0.9672131147540983,1.0,1.0,528.71
PA4,Vancouver,Montreal,183,107,2027-07-20,08:00:00,346.0,0.5,300.8147899984259,1.1079,1.0,477.72,1,0.41530054644808745,1.0,0.95,453.83
PA5,Vancouver,Montreal,418,3,2027-03-15,08:00:00,346.0,0.5,173.81478999842594,1.0108,1.0,531.29,0,0.992822966507177,1.0,1.0,531.29
PA6,Calgary,Toronto,137,55,2026-11-08,12:00:00,266.0,0.5,46.981456665092594,0.9982,1.0,353.89,6,0.5985401459854014,1.0,1.0,353.89
PA7,Calgary,Ottawa,169,91,2026-10-14,20:00:00,282.0,0.5,22.31478999842593,1.0304,1.0,368.47,2,0.46153846153846156,1.0,0.95,350.05
PA8,Montreal,Toronto,133,31,2027-07-01,08:00:00,90.0,0.7,281.8147899984259,1.1079,1.2,200.0,3,0.7669172932330828,1.0,1.0,200.0
PA9,Ottawa,Calgary,418,321,2027-07-14,04:00:00,282.0,0.5,294.6481233317593,1.1079,1.0,362.31,2,0.23205741626794263,0.9,0.95,326.08
PA10,Toronto,Vancouver,295,35,2027-02-17,00:00:00,318.0,0.8,147.4814566650926,0.8858,1.0,448.48,2,0.8813559322033898,1.0,0.95,426.06
PA11,Toronto,Montreal,418,119,2027-02-11,12:00:00,90.0,0.7,141.9814566650926,0.8858,1.0,200.0,3,0.715311004784689,1.0,1.0,200.0
PA12,Vancouver,Calgary,295,186,2027-03-22,04:00:00,106.0,0.5,180.64812333175925,1.0108,1.0,200.0,0,0.36949152542372876,1.0,1.0,200.0
PA13,Toronto,Vancouver,295,136,2027-06-22,20:00:00,318.0,0.8,273.3147899984259,1.1057,1.0,498.06,1,0.5389830508474576,1.0,0.95,473.16
PA14,Montreal,Ottawa,137,41,2027-02-07,20:00:00,62.0,0.5,138.31478999842594,0.8858,1.0,200.0,6,0.7007299270072993,1.0,1.0,200.0
PA15,Vancouver,Calgary,295,285,2026-10-20,04:00:00,106.0,0.5,27.64812333175926,1.0304,1.0,200.0,1,0.03389830508474578,1.0,0.95,190.0
PA16,Calgary,Montreal,418,16,2027-02-06,00:00:00,290.0,0.5,136.4814566650926,0.8858,1.0,386.46,5,0.9617224880382775,1.0,1.0,386.46
PA17,Vancouver,Montreal,137,80,2027-04-12,20:00:00,346.0,0.5,202.3147899984259,1.0159,1.0,438.18,0,0.416058394160584,1.0,1.0,438.18
PA18,Calgary,Vancouver,133,36,2027-01-26,20:00:00,106.0,0.5,126.31478999842592,0.8071,1.0,200.0,1,0.7293233082706767,1.0,0.95,190.0
PA19,Calgary,Montreal,183,137,2027-07-17,12:00:00,290.0,0.5,297.9814566650926,1.1079,1.0,375.52,5,0.2513661202185792,0.9,1.0,337.97
PA20,Vancouver,Montreal,298,112,2026-11-07,00:00:00,346.0,0.5,45.481456665092594,0.9982,1.0,464.5,5,0.6241610738255033,1.0,1.0,464.5
PA21,Vancouver,Ottawa,418,56,2027-09-05,12:00:00,334.0,0.5,347.9814566650926,0.9916,1.0,483.28,6,0.8660287081339713,1.0,1.0,483.28
PA22,Montreal,Ottawa,183,16,2027-07-24,12:00:00,62.0,0.5,304.9814566650926,1.1079,1.0,200.0,5,0.912568306010929,1.0,1.0,200.0
PA23,Ottawa,Toronto,183,64,2027-09-05,20:00:00,78.0,0.6,348.3147899984259,0.9916,1.0,200.0,6,0.6502732240437159,1.0,1.0,200.0
PA24,Calgary,Ottawa,169,137,2026-11-18,08:00:00,282.0,0.5,56.81478999842592,0.9982,1.0,320.75,2,0.18934911242603547,1.0,0.95,304.71
PA25,Montreal,Toronto,133,40,2027-02-03,16:00:00,90.0,0.7,134.14812333175925,0.8858,1.0,200.0,2,0.6992481203007519,1.0,0.95,190.0
PA26,Ottawa,Toronto,418,91,2027-08-08,08:00:00,78.0,0.6,319.8147899984259,1.0504,1.0,200.0,6,0.7822966507177034,1.0,1.0,200.0
PA27,Ottawa,Vancouver,418,327,2026-12-09,08:00:00,334.0,0.5,77.81478999842592,0.9604,1.0,369.81,2,0.21770334928229662,0.9,0.95,332.83
PA28,Ottawa,Toronto,418,82,2027-07-25,08:00:00,78.0,0.6,305.8147899984259,1.1079,1.0,200.0,6,0.8038277511961722,1.0,1.0,200.0
PA29,Toronto,Calgary,133,4,2027-02-26,04:00:00,266.0,0.5,156.64812333175925,0.8858,1.0,355.39,4,0.9699248120300752,1.0,1.0,355.39
PA30,Ottawa,Toronto,169,61,2026-11-04,20:00:00,78.0,0.6,43.31478999842592,0.9982,1.0,200.0,2,0.6390532544378698,1.0,0.95,190.0
PA31,Ottawa,Vancouver,133,17,2026-11-26,20:00:00,334.0,0.5,65.31478999842592,0.9982,1.0,487.46,3,0.8721804511278195,1.0,1.0,487.46
PA32,Calgary,Montreal,133,42,2027-01-08,16:00:00,290.0,0.5,108.14812333175928,0.8071,1.0,321.43,4,0.6842105263157895,1.0,1.0,321.43
PA33,Vancouver,Calgary,418,373,2027-04-14,20:00:00,106.0,0.5,204.3147899984259,1.0159,1.0,200.0,2,0.10765550239234445,0.9,0.95,180.0
PA34,Montreal,Ottawa,295,191,2026-11-22,04:00:00,62.0,0.5,60.64812333175926,0.9982,1.0,200.0,6,0.3525423728813559,1.0,1.0,200.0
PA35,Calgary,Toronto,137,16,2027-07-20,16:00:00,266.0,0.5,301.1481233317593,1.1079,1.0,432.42,1,0.8832116788321168,1.0,0.95,410.8
PA36,Toronto,Ottawa,137,56,2027-09-19,20:00:00,78.0,0.6,362.3147899984259,0.9916,1.0,200.0,6,0.5912408759124088,1.0,1.0,200.0
PA37,Toronto,Ottawa,169,58,2027-03-10,00:00:00,78.0,0.6,168.4814566650926,1.0108,1.0,200.0,2,0.6568047337278107,1.0,0.95,190.0
PA38,Calgary,Montreal,183,60,2027-01-09,16:00:00,290.0,0.5,109.14812333175928,0.8071,1.0,320.09,5,0.6721311475409837,1.0,1.0,320.09
PA39,Vancouver,Montreal,137,121,2027-04-18,04:00:00,346.0,0.5,207.64812333175925,1.0159,1.0,388.47,6,0.11678832116788318,0.9,1.0,349.62
PA40,Montreal,Calgary,169,24,2027-04-26,12:00:00,290.0,0.5,215.9814566650926,1.0159,1.0,428.78,0,0.8579881656804733,1.0,1.0,428.78
PA41,Toronto,Ottawa,133,13,2027-04-16,20:00:00,78.0,0.6,206.3147899984259,1.0159,1.0,200.0,4,0.9022556390977443,1.0,1.0,200.0
PA42,Vancouver,Ottawa,298,55,2026-12-28,16:00:00,334.0,0.5,97.14812333175928,0.9604,1.0,460.4,0,0.8154362416107382,1.0,1.0,460.4
PA43,Montreal,Vancouver,133,35,2027-02-11,12:00:00,346.0,0.5,141.9814566650926,0.8858,1.0,428.52,3,0.736842105263158,1.0,1.0,428.52
PA44,Montreal,Toronto,137,19,2026-10-17,20:00:00,90.0,0.7,25.31478999842593,1.0304,1.0,200.0,5,0.8613138686131387,1.0,1.0,200.0
PA45,Toronto,Vancouver,183,3,2026-12-16,12:00:00,318.0,0.8,84.9814566650926,0.9604,1.0,502.27,2,0.9836065573770492,1.0,0.95,477.16
PA46,Vancouver,Montreal,133,123,2026-10-22,04:00:00,346.0,0.5,29.64812333175926,1.0304,1.0,387.01,3,0.07518796992481203,1.0,1.0,387.01
PA47,Montreal,Calgary,133,0,2027-05-12,08:00:00,290.0,0.5,231.8147899984259,1.0427,1.0,460.38,2,1.0,1.0,1.0,460.38
PA48,Vancouver,Ottawa,133,124,2027-02-20,04:00:00,334.0,0.5,150.64812333175925,0.8858,1.0,320.11,5,0.06766917293233088,0.9,1.0,288.1
PA49,Ottawa,Toronto,169,148,2027-03-01,00:00:00,78.0,0.6,159.4814566650926,1.0108,1.0,200.0,0,0.12426035502958577,0.9,1.0,180.0
PA50,Montreal,Vancouver,169,149,2026-10-21,16:00:00,346.0,0.5,29.14812333175926,1.0304,1.0,394.28,2,0.11834319526627224,1.0,0.95,374.57
PA51,Toronto,Ottawa,169,47,2027-09-02,04:00:00,78.0,0.6,344.6481233317593,0.9916,1.0,200.0,3,0.7218934911242604,1.0,1.0,200.0
PA52,Ottawa,Vancouver,133,30,2027-07-15,16:00:00,334.0,0.5,296.1481233317593,1.1079,1.0,523.95,3,0.7744360902255639,1.0,1.0,523.95
PA53,Toronto,Montreal,169,158,2027-08-24,16:00:00,90.0,0.7,336.1481233317593,1.0504,1.0,200.0,1,0.0650887573964497,0.9,0.95,180.0
PA54,Calgary,Ottawa,183,133,2027-01-04,20:00:00,282.0,0.5,104.31478999842592,0.8071,1.0,268.37,0,0.27322404371584696,0.9,1.0,241.53
PA55,Vancouver,Calgary,295,160,2027-04-12,04:00:00,106.0,0.5,201.64812333175925,1.0159,1.0,200.0,0,0.4576271186440678,1.0,1.0,200.0
PA56,Montreal,Calgary,295,153,2026-10-29,00:00:00,290.0,0.5,36.481456665092594,1.0304,1.0,381.72,3,0.4813559322033898,1.0,1.0,381.72
PA57,Toronto,Vancouver,133,25,2027-06-08,08:00:00,318.0,0.8,258.8147899984259,1.1057,1.0,547.31,1,0.8120300751879699,1.0,0.95,519.94
PA58,Toronto,Vancouver,137,89,2027-03-30,08:00:00,318.0,0.8,188.8147899984259,1.0108,1.0,424.21,1,0.35036496350364965,1.0,0.95,403.0
PA59,Ottawa,Calgary,137,112,2027-08-01,20:00:00,282.0,0.5,313.3147899984259,1.0504,1.0,336.56,6,0.18248175182481752,0.9,1.0,302.9
PA60,Ottawa,Calgary,183,2,2027-08-27,00:00:00,282.0,0.5,338.4814566650926,1.0504,1.0,449.45,4,0.9890710382513661,1.0,1.0,449.45
PA61,Toronto,Ottawa,137,67,2027-07-02,04:00:00,78.0,0.6,282.6481233317593,1.1079,1.0,200.0,4,0.5109489051094891,1.0,1.0,200.0
PA62,Ottawa,Vancouver,298,144,2027-03-16,04:00:00,334.0,0.5,174.64812333175925,1.0108,1.0,436.92,1,0.5167785234899329,1.0,0.95,415.07
PA63,Ottawa,Montreal,295,135,2027-01-28,00:00:00,62.0,0.5,127.4814566650926,0.8071,1.0,200.0,3,0.5423728813559322,1.0,1.0,200.0
PA64,Montreal,Calgary,169,162,2026-10-14,00:00:00,290.0,0.5,21.48145666509259,1.0304,1.0,319.6,2,0.041420118343195256,1.0,0.95,303.62
PA65,Calgary,Vancouver,298,66,2027-05-06,16:00:00,106.0,0.5,226.14812333175925,1.0427,1.0,200.0,3,0.7785234899328859,1.0,1.0,200.0
PA66,Ottawa,Toronto,295,218,2026-11-18,00:00:00,78.0,0.6,56.481456665092594,0.9982,1.0,200.0,2,0.26101694915254237,1.0,0.95,190.0
PA67,Ottawa,Toronto,295,76,2027-03-30,16:00:00,78.0,0.6,189.14812333175925,1.0108,1.0,200.0,1,0.7423728813559323,1.0,0.95,190.0
PA68,Montreal,Vancouver,183,37,2026-10-13,08:00:00,346.0,0.5,20.81478999842593,1.0304,1.0,559.61,1,0.7978142076502732,1.0,0.95,531.63
PA69,Calgary,Vancouver,298,20,2027-09-06,04:00:00,106.0,0.5,348.6481233317593,0.9916,1.2,200.0,0,0.9328859060402684,1.0,1.0,200.0
PA70,Calgary,Montreal,295,52,2027-08-05,20:00:00,290.0,0.5,317.3147899984259,1.0504,1.0,438.41,3,0.823728813559322,1.0,1.0,438.41
PA71,Vancouver,Ottawa,137,60,2027-04-21,00:00:00,334.0,0.5,210.4814566650926,1.0159,1.0,446.39,2,0.5620437956204379,1.0,0.95,424.07
PA72,Montreal,Vancouver,137,85,2027-02-05,04:00:00,346.0,0.5,135.64812333175925,0.8858,1.0,376.78,4,0.3795620437956204,1.0,1.0,376.78
PA73,Toronto,Montreal,418,359,2026-10-11,12:00:00,90.0,0.7,18.98145666509259,1.0304,1.0,200.0,6,0.1411483253588517,1.0,1.0,200.0
PA74,Montreal,Calgary,137,51,2027-02-25,04:00:00,290.0,0.5,155.64812333175925,0.8858,1.0,345.92,3,0.6277372262773723,1.0,1.0,345.92
PA75,Vancouver,Montreal,137,6,2027-03-09,08:00:00,346.0,0.5,167.81478999842594,1.0108,1.0,525.24,1,0.9562043795620438,1.0,0.95,498.98
PA76,Calgary,Ottawa,418,35,2027-08-16,16:00:00,282.0,0.5,328.1481233317593,1.0504,1.0,439.26,0,0.916267942583732,1.0,1.0,439.26
PA77,Toronto,Ottawa,133,84,2027-02-02,04:00:00,78.0,0.6,132.64812333175925,0.8858,1.0,200.0,1,0.368421052631579,1.0,0.95,190.0
PA78,Toronto,Ottawa,183,67,2027-07-24,12:00:00,78.0,0.6,304.9814566650926,1.1079,1.0,200.0,5,0.6338797814207651,1.0,1.0,200.0
PA79,Montreal,Toronto,298,160,2027-04-07,16:00:00,90.0,0.7,197.14812333175925,1.0159,1.0,200.0,2,0.46308724832214765,1.0,0.95,190.0
PA80,Toronto,Montreal,137,65,2026-09-22,16:00:00,90.0,0.7,0.1481233317592592,0.9916,1.0,200.0,1,0.5255474452554745,1.0,0.95,190.0
PA81,Vancouver,Calgary,418,275,2027-04-30,00:00:00,106.0,0.5,219.4814566650926,1.0159,1.0,200.0,4,0.3421052631578947,1.0,1.0,200.0
PA82,Ottawa,Calgary,295,169,2027-08-27,00:00:00,282.0,0.5,338.4814566650926,1.0504,1.0,370.8,4,0.42711864406779665,1.0,1.0,370.8
PA83,Ottawa,Calgary,295,153,2027-08-29,12:00:00,282.0,0.5,340.9814566650926,1.0504,1.0,378.39,6,0.4813559322033898,1.0,1.0,378.39
PA84,Calgary,Vancouver,298,206,2026-12-29,12:00:00,106.0,0.5,97.9814566650926,0.9604,1.0,200.0,1,0.3087248322147651,1.0,0.95,190.0
PA85,Vancouver,Calgary,295,194,2027-04-17,16:00:00,106.0,0.5,207.14812333175925,1.0159,1.0,200.0,5,0.34237288135593225,1.0,1.0,200.0
PA86,Calgary,Ottawa,418,0,2027-01-07,12:00:00,282.0,0.5,106.9814566650926,0.8071,1.0,346.52,3,1.0,1.0,1.0,346.52
PA87,Ottawa,Calgary,418,296,2027-05-18,12:00:00,282.0,0.5,237.9814566650926,1.0427,1.0,349.29,1,0.29186602870813394,0.9,0.95,314.36
PA88,Ottawa,Montreal,133,54,2026-12-17,20:00:00,62.0,0.5,86.31478999842592,0.9604,1.0,200.0,3,0.5939849624060151,1.0,1.0,200.0
PA89,Ottawa,Calgary,169,72,2026-11-08,04:00:00,282.0,0.5,46.64812333175926,0.9982,1.0,371.91,6,0.5739644970414202,1.0,1.0,371.91
PA90,Vancouver,Ottawa,295,158,2026-12-06,00:00:00,334.0,0.5,74.4814566650926,0.9604,1.0,407.2,6,0.46440677966101696,1.0,1.0,407.2
PA91,Montreal,Toronto,169,62,2027-05-13,12:00:00,90.0,0.7,232.9814566650926,1.0427,1.0,200.0,3,0.6331360946745562,1.0,1.0,200.0
PA92,Vancouver,Montreal,295,294,2027-06-02,12:00:00,346.0,0.5,252.9814566650926,1.1057,1.0,402.31,2,0.003389830508474523,0.9,0.95,362.08
PA93,Toronto,Ottawa,137,37,2027-04-27,04:00:00,78.0,0.6,216.64812333175925,1.0159,1.0,200.0,1,0.7299270072992701,1.0,0.95,190.0
PA94,Montreal,Toronto,137,132,2027-07-04,04:00:00,90.0,0.7,284.6481233317593,1.1079,1.0,200.0,6,0.03649635036496346,0.9,1.0,180.0
PA95,Montreal,Vancouver,418,62,2027-05-17,20:00:00,346.0,0.5,237.3147899984259,1.0427,1.0,523.99,0,0.8516746411483254,1.0,1.0,523.99
PA96,Ottawa,Calgary,183,143,2027-05-06,16:00:00,282.0,0.5,226.14812333175925,1.0427,1.0,339.11,3,0.21857923497267762,0.9,1.0,305.2
PA97,Ottawa,Montreal,418,368,2027-06-29,12:00:00,62.0,0.5,279.9814566650926,1.1057,1.0,200.0,1,0.11961722488038273,0.9,0.95,180.0
PA98,Montreal,Calgary,137,121,2027-01-26,20:00:00,290.0,0.5,126.31478999842592,0.8071,1.0,258.68,1,0.11678832116788318,0.9,0.95,232.81
PA99,Montreal,Vancouver,298,266,2027-02-09,12:00:00,346.0,0.5,139.9814566650926,0.8858,1.0,337.36,1,0.10738255033557043,0.9,0.95,303.62
PA100,Vancouver,Calgary,169,73,2027-03-12,08:00:00,106.0,0.5,170.81478999842594,1.0108,1.0,200.0,4,0.5680473372781065,1.0,1.0,200.0
PA101,Vancouver,Ottawa,183,20,2027-01-18,12:00:00,334.0,0.5,117.9814566650926,0.8071,1.0,396.5,0,0.8907103825136612,1.0,1.0,396.5
PA102,Vancouver,Toronto,295,78,2027-04-22,12:00:00,318.0,0.8,211.9814566650926,1.0159,1.0,490.19,3,0.735593220338983,1.0,1.0,490.19
PA103,Montreal,Ottawa,298,277,2026-10-23,04:00:00,62.0,0.5,30.64812333175926,1.0304,1.0,200.0,4,0.07046979865771807,1.0,1.0,200.0
PA104,Montreal,Toronto,418,215,2027-07-13,12:00:00,90.0,0.7,293.9814566650926,1.1079,1.0,200.0,1,0.4856459330143541,1.0,0.95,190.0
PA105,Calgary,Ottawa,133,1,2027-04-09,12:00:00,282.0,0.5,198.9814566650926,1.0159,1.0,435.15,4,0.9924812030075187,1.0,1.0,435.15
PA106,Ottawa,Vancouver,183,139,2027-05-29,04:00:00,334.0,0.5,248.64812333175925,1.0427,1.0,405.24,5,0.2404371584699454,0.9,1.0,364.72
PA107,Montreal,Toronto,298,223,2027-04-09,08:00:00,90.0,0.7,198.8147899984259,1.0159,1.0,200.0,4,0.2516778523489933,0.9,1.0,180.0
PA108,Vancouver,Montreal,295,207,2026-11-26,16:00:00,346.0,0.5,65.14812333175927,0.9982,1.0,411.33,3,0.29830508474576267,0.9,1.0,370.2
PA109,Montreal,Toronto,183,6,2026-11-03,20:00:00,90.0,0.7,42.31478999842592,0.9982,1.0,200.0,1,0.9672131147540983,1.0,0.95,190.0
PA110,Montreal,Vancouver,133,34,2026-10-17,08:00:00,346.0,0.5,24.81478999842593,1.0304,1.0,499.74,5,0.7443609022556391,1.0,1.0,499.74
PA111,Vancouver,Montreal,133,83,2027-03-08,08:00:00,346.0,0.5,166.81478999842594,1.0108,1.0,429.35,0,0.37593984962406013,1.0,1.0,429.35
PA112,Calgary,Montreal,418,194,2027-01-29,00:00:00,290.0,0.5,128.4814566650926,0.8071,1.0,305.03,4,0.5358851674641149,1.0,1.0,305.03
PA113,Ottawa,Toronto,133,4,2027-03-20,04:00:00,78.0,0.6,178.64812333175925,1.0108,1.0,200.0,5,0.9699248120300752,1.0,1.0,200.0
PA114,Toronto,Ottawa,295,35,2027-01-26,04:00:00,78.0,0.6,125.64812333175928,0.8071,1.0,200.0,1,0.8813559322033898,1.0,0.95,190.0
PA115,Ottawa,Vancouver,418,10,2027-01-22,04:00:00,334.0,0.5,121.64812333175928,0.8071,1.0,407.38,4,0.9760765550239234,1.0,1.0,407.38
PA116,Ottawa,Vancouver,133,29,2027-05-18,20:00:00,334.0,0.5,238.3147899984259,1.0427,1.0,494.35,1,0.7819548872180451,1.0,0.95,469.63
PA117,Vancouver,Toronto,298,188,2026-12-14,08:00:00,318.0,0.8,82.81478999842592,0.9604,1.0,406.0,0,0.3691275167785235,1.0,1.0,406.0
PA118,Toronto,Calgary,169,148,2027-07-13,20:00:00,266.0,0.5,294.3147899984259,1.1079,1.0,326.74,1,0.12426035502958577,0.9,0.95,294.07
PA119,Vancouver,Toronto,133,101,2027-07-22,20:00:00,318.0,0.8,303.3147899984259,1.1079,1.0,445.12,3,0.24060150375939848,0.9,1.0,400.61
PA120,Vancouver,Toronto,418,321,2027-09-13,08:00:00,318.0,0.8,355.8147899984259,0.9916,1.0,397.01,0,0.23205741626794263,0.9,1.0,357.31
PA121,Ottawa,Toronto,418,350,2027-07-08,00:00:00,78.0,0.6,288.4814566650926,1.1079,1.0,200.0,3,0.16267942583732053,0.9,1.0,180.0
PA122,Montreal,Calgary,298,272,2026-10-27,16:00:00,290.0,0.5,35.14812333175926,1.0304,1.0,326.08,1,0.08724832214765099,1.0,0.95,309.78
PA123,Toronto,Montreal,295,174,2027-05-30,00:00:00,90.0,0.7,249.4814566650926,1.0427,1.0,200.0,6,0.4101694915254237,1.0,1.0,200.0
PA124,Montreal,Vancouver,133,92,2027-05-02,04:00:00,346.0,0.5,221.64812333175925,1.0427,1.0,431.36,6,0.30827067669172936,1.0,1.0,431.36
PA125,Calgary,Montreal,295,267,2027-05-18,12:00:00,290.0,0.5,237.9814566650926,1.0427,1.0,331.06,1,0.09491525423728808,0.9,0.95,297.95
PA126,Ottawa,Calgary,418,374,2027-03-06,04:00:00,282.0,0.5,164.64812333175925,1.0108,1.0,313.48,5,0.10526315789473684,0.9,1.0,282.13
PA127,Calgary,Montreal,418,44,2027-01-24,12:00:00,290.0,0.5,123.9814566650926,0.8071,1.0,344.71,6,0.8947368421052632,1.0,1.0,344.71
PA128,Montreal,Calgary,183,156,2026-10-06,12:00:00,290.0,0.5,13.981456665092592,1.0304,1.0,368.05,1,0.14754098360655743,1.0,0.95,349.65
PA129,Vancouver,Montreal,418,166,2027-01-08,08:00:00,346.0,0.5,107.81478999842592,0.8071,1.0,372.77,4,0.6028708133971292,1.0,1.0,372.77
PA130,Calgary,Ottawa,418,132,2027-07-24,20:00:00,282.0,0.5,305.3147899984259,1.1079,1.0,429.05,5,0.6842105263157895,1.0,1.0,429.05
PA131,Toronto,Vancouver,298,284,2026-11-04,04:00:00,318.0,0.8,42.64812333175926,0.9982,1.0,369.52,2,0.046979865771812124,1.0,0.95,351.04
PA132,Montreal,Vancouver,295,208,2027-09-10,12:00:00,346.0,0.5,352.9814566650926,0.9916,1.0,408.06,4,0.29491525423728815,0.9,1.0,367.25
PA133,Montreal,Toronto,295,251,2026-11-08,08:00:00,90.0,0.7,46.81478999842592,0.9982,1.0,200.0,6,0.14915254237288134,1.0,1.0,200.0
PA134,Vancouver,Calgary,137,103,2027-08-27,16:00:00,106.0,0.5,339.1481233317593,1.0504,1.0,200.0,4,0.24817518248175185,0.9,1.0,180.0
PA135,Ottawa,Calgary,298,242,2027-04-27,20:00:00,282.0,0.5,217.3147899984259,1.0159,1.0,326.25,1,0.18791946308724827,0.9,0.95,293.62
PA136,Calgary,Montreal,183,84,2027-02-07,08:00:00,290.0,0.5,137.81478999842594,0.8858,1.0,335.39,6,0.540983606557377,1.0,1.0,335.39
PA137,Toronto,Vancouver,298,118,2027-03-02,00:00:00,318.0,0.8,160.4814566650926,1.0108,1.0,466.04,1,0.6040268456375839,1.0,0.95,442.74
PA138,Vancouver,Ottawa,295,274,2027-01-10,20:00:00,334.0,0.5,110.31478999842592,0.8071,1.0,292.12,6,0.07118644067796609,0.9,1.0,262.91
PA139,Ottawa,Calgary,133,70,2026-11-12,04:00:00,282.0,0.5,50.64812333175926,0.9982,1.0,358.57,3,0.4736842105263158,1.0,1.0,358.57
PA140,Calgary,Vancouver,298,116,2027-02-23,00:00:00,106.0,0.5,153.4814566650926,0.8858,1.0,200.0,1,0.610738255033557,1.0,0.95,190.0
PA141,Vancouver,Calgary,295,273,2026-10-15,00:00:00,106.0,0.5,22.48145666509259,1.0304,1.0,200.0,3,0.07457627118644072,1.0,1.0,200.0
PA142,Vancouver,Montreal,183,74,2026-11-13,00:00:00,346.0,0.5,51.481456665092594,0.9982,1.0,459.85,4,0.5956284153005464,1.0,1.0,459.85
PA143,Montreal,Ottawa,183,72,2027-05-05,08:00:00,62.0,0.5,224.8147899984259,1.0427,1.0,200.0,2,0.6065573770491803,1.0,0.95,190.0
PA144,Calgary,Montreal,137,13,2026-11-19,00:00:00,290.0,0.5,57.481456665092594,0.9982,1.0,427.75,3,0.9051094890510949,1.0,1.0,427.75
PA145,Toronto,Ottawa,133,125,2026-12-08,04:00:00,78.0,0.6,76.64812333175927,0.9604,1.0,200.0,1,0.06015037593984962,0.9,0.95,180.0
PA146,Calgary,Toronto,418,288,2027-01-27,00:00:00,266.0,0.5,126.4814566650926,0.8071,1.0,256.97,2,0.3110047846889952,1.0,0.95,244.12
PA147,Ottawa,Vancouver,183,106,2027-06-16,12:00:00,334.0,0.5,266.9814566650926,1.1057,1.0,461.19,2,0.4207650273224044,1.0,0.95,438.13
PA148,Calgary,Montreal,133,113,2027-02-25,16:00:00,290.0,0.5,156.14812333175925,0.8858,1.0,287.98,3,0.15037593984962405,0.9,1.0,259.18
PA149,Ottawa,Toronto,183,15,2027-01-06,20:00:00,78.0,0.6,106.31478999842592,0.8071,1.0,200.0,2,0.9180327868852459,1.0,0.95,190.0
PA150,Toronto,Vancouver,137,67,2027-01-22,04:00:00,318.0,0.8,121.64812333175928,0.8071,1.0,359.86,4,0.5109489051094891,1.0,1.0,359.86
PA151,Vancouver,Toronto,183,19,2027-04-19,12:00:00,318.0,0.8,208.9814566650926,1.0159,1.0,516.81,0,0.8961748633879781,1.0,1.0,516.81
PA152,Calgary,Toronto,295,240,2027-01-18,08:00:00,266.0,0.5,117.81478999842592,0.8071,1.0,244.34,0,0.18644067796610164,0.9,1.0,219.91
PA153,Montreal,Toronto,295,144,2027-09-08,04:00:00,90.0,0.7,350.6481233317593,0.9916,1.0,200.0,2,0.5118644067796609,1.0,0.95,190.0
PA154,Montreal,Toronto,298,101,2027-06-27,04:00:00,90.0,0.7,277.6481233317593,1.1057,1.0,200.0,6,0.6610738255033557,1.0,1.0,200.0
PA155,Calgary,Vancouver,295,76,2026-10-28,00:00:00,106.0,0.5,35.481456665092594,1.0304,1.0,200.0,2,0.7423728813559323,1.0,0.95,190.0
PA156,Ottawa,Calgary,137,78,2027-05-04,00:00:00,282.0,0.5,223.4814566650926,1.0427,1.0,368.58,1,0.43065693430656937,1.0,0.95,350.15
PA157,Montreal,Calgary,133,77,2027-06-05,16:00:00,290.0,0.5,256.1481233317593,1.1057,1.0,400.48,5,0.42105263157894735,1.0,1.0,400.48
PA158,Toronto,Ottawa,133,112,2027-05-01,20:00:00,78.0,0.6,221.3147899984259,1.0427,1.0,200.0,5,0.1578947368421053,0.9,1.0,180.0
PA159,Toronto,Ottawa,298,128,2027-01-17,20:00:00,78.0,0.6,117.31478999842592,0.8071,1.0,200.0,6,0.5704697986577181,1.0,1.0,200.0
PA160,Ottawa,Toronto,418,294,2027-09-01,08:00:00,78.0,0.6,343.8147899984259,0.9916,1.0,200.0,2,0.2966507177033493,0.9,0.95,180.0
PA161,Vancouver,Montreal,183,10,2027-06-14,20:00:00,346.0,0.5,265.3147899984259,1.1057,1.0,572.59,0,0.9453551912568307,1.0,1.0,572.59
PA162,Vancouver,Montreal,133,71,2027-08-13,12:00:00,346.0,0.5,324.9814566650926,1.0504,1.0,461.66,4,0.46616541353383456,1.0,1.0,461.66
PA163,Calgary,Montreal,169,120,2027-03-11,08:00:00,290.0,0.5,169.81478999842594,1.0108,1.0,347.95,3,0.2899408284023669,0.9,1.0,313.15
PA164,Vancouver,Calgary,295,53,2027-04-20,20:00:00,106.0,0.5,210.3147899984259,1.0159,1.0,200.0,1,0.8203389830508474,1.0,0.95,190.0
PA165,Montreal,Toronto,133,73,2027-05-12,00:00:00,90.0,0.7,231.4814566650926,1.0427,1.0,200.0,2,0.45112781954887216,1.0,0.95,190.0
PA166,Calgary,Toronto,298,129,2027-04-16,16:00:00,266.0,0.5,206.14812333175925,1.0159,1.0,356.15,4,0.5671140939597316,1.0,1.0,356.15
PA167,Ottawa,Montreal,418,0,2027-04-21,00:00:00,62.0,0.5,210.4814566650926,1.0159,1.0,200.0,2,1.0,1.0,1.0,200.0
PA168,Calgary,Montreal,137,132,2027-08-08,12:00:00,290.0,0.5,319.9814566650926,1.0504,1.0,325.1,6,0.03649635036496346,0.9,1.0,292.59
PA169,Vancouver,Calgary,418,26,2027-06-30,04:00:00,106.0,0.5,280.6481233317593,1.1057,1.0,200.0,2,0.937799043062201,1.0,0.95,190.0
PA170,Montreal,Toronto,298,224,2026-10-06,20:00:00,90.0,0.7,14.314789998425926,1.0304,1.0,200.0,1,0.24832214765100669,1.0,0.95,190.0
PA171,Vancouver,Calgary,183,61,2027-07-01,00:00:00,106.0,0.5,281.4814566650926,1.1079,1.2,200.0,3,0.6666666666666667,1.0,1.0,200.0
PA172,Toronto,Vancouver,183,104,2026-11-19,12:00:00,318.0,0.8,57.981456665092594,0.9982,1.0,432.16,3,0.4316939890710383,1.0,1.0,432.16
PA173,Vancouver,Montreal,169,165,2027-02-18,16:00:00,346.0,0.5,149.14812333175925,0.8858,1.0,325.24,3,0.023668639053254448,0.9,1.0,292.72
PA174,Montreal,Ottawa,295,139,2027-05-21,04:00:00,62.0,0.5,240.64812333175925,1.0427,1.0,200.0,4,0.5288135593220339,1.0,1.0,200.0
PA175,Montreal,Vancouver,133,37,2027-07-25,16:00:00,346.0,0.5,306.1481233317593,1.1079,1.0,533.24,6,0.7218045112781954,1.0,1.0,533.24
PA176,Toronto,Calgary,295,69,2027-04-22,08:00:00,266.0,0.5,211.8147899984259,1.0159,1.0,381.56,3,0.7661016949152543,1.0,1.0,381.56
PA177,Calgary,Toronto,418,259,2027-02-13,20:00:00,266.0,0.5,144.31478999842594,0.8858,1.0,289.75,5,0.38038277511961727,1.0,1.0,289.75
PA178,Montreal,Vancouver,298,296,2027-05-08,16:00:00,346.0,0.5,228.14812333175925,1.0427,1.0,379.96,5,0.006711409395973145,0.9,1.0,341.96
PA179,Calgary,Montreal,133,88,2027-05-13,08:00:00,290.0,0.5,232.8147899984259,1.0427,1.0,365.84,3,0.33834586466165417,1.0,1.0,365.84
PA180,Vancouver,Montreal,418,96,2027-01-19,12:00:00,346.0,0.5,118.9814566650926,0.8071,1.0,394.86,1,0.7703349282296651,1.0,0.95,375.12
PA181,Montreal,Ottawa,169,81,2027-04-07,20:00:00,62.0,0.5,197.3147899984259,1.0159,1.0,200.0,2,0.5207100591715976,1.0,0.95,190.0
PA182,Vancouver,Montreal,418,333,2026-10-10,04:00:00,346.0,0.5,17.64812333175926,1.0304,1.0,449.46,5,0.20334928229665072,1.0,1.0,449.46
PA183,Calgary,Toronto,183,151,2027-05-05,00:00:00,266.0,0.5,224.4814566650926,1.0427,1.0,314.14,2,0.17486338797814205,0.9,0.95,282.73
PA184,Toronto,Vancouver,183,116,2027-04-19,20:00:00,318.0,0.8,209.3147899984259,1.0159,1.0,428.96,0,0.36612021857923494,1.0,1.0,428.96
PA185,Montreal,Calgary,137,19,2027-03-14,16:00:00,290.0,0.5,173.14812333175925,1.0108,1.0,427.08,6,0.8613138686131387,1.0,1.0,427.08
PA186,Toronto,Calgary,295,203,2027-09-02,16:00:00,266.0,0.5,345.1481233317593,0.9916,1.0,315.82,3,0.311864406779661,1.0,1.0,315.82
PA187,Montreal,Toronto,133,81,2027-08-04,00:00:00,90.0,0.7,315.4814566650926,1.0504,1.0,200.0,2,0.39097744360902253,1.0,0.95,190.0
PA188,Vancouver,Toronto,137,73,2027-05-02,00:00:00,318.0,0.8,221.4814566650926,1.0427,1.0,457.46,6,0.46715328467153283,1.0,1.0,457.46
PA189,Toronto,Montreal,418,324,2026-12-16,20:00:00,90.0,0.7,85.31478999842592,0.9604,1.0,200.0,2,0.22488038277511957,0.9,0.95,180.0
PA190,Toronto,Calgary,298,14,2026-10-20,08:00:00,266.0,0.5,27.81478999842593,1.0304,1.0,411.21,1,0.9530201342281879,1.0,0.95,390.65
PA191,Montreal,Vancouver,298,191,2027-01-25,16:00:00,346.0,0.5,125.14812333175928,0.8071,1.0,340.6,0,0.35906040268456374,1.0,1.0,340.6
PA192,Vancouver,Ottawa,133,46,2026-11-01,16:00:00,334.0,0.5,40.14812333175926,0.9982,1.0,453.12,6,0.6541353383458647,1.0,1.0,453.12
PA193,Ottawa,Vancouver,418,195,2027-06-03,16:00:00,334.0,0.5,254.14812333175925,1.1057,1.0,480.86,3,0.5334928229665072,1.0,1.0,480.86
PA194,Montreal,Calgary,137,59,2027-05-15,08:00:00,290.0,0.5,234.8147899984259,1.0427,1.0,398.85,5,0.5693430656934306,1.0,1.0,398.85
PA195,Montreal,Calgary,295,4,2027-09-03,16:00:00,290.0,0.5,346.1481233317593,0.9916,1.0,435.97,4,0.9864406779661017,1.0,1.0,435.97
PA196,Montreal,Calgary,137,18,2027-07-19,08:00:00,290.0,0.5,299.8147899984259,1.1079,1.0,469.22,0,0.8686131386861313,1.0,1.0,469.22
PA197,Calgary,Montreal,295,217,2027-02-23,04:00:00,290.0,0.5,153.64812333175925,0.8858,1.0,301.82,1,0.264406779661017,0.9,0.95,271.64
PA198,Toronto,Vancouver,133,123,2027-04-05,16:00:00,318.0,0.8,195.14812333175925,1.0159,1.0,380.74,0,0.07518796992481203,0.9,1.0,342.67
PA199,Calgary,Ottawa,298,294,2026-10-03,20:00:00,282.0,0.5,11.314789998425926,1.0304,1.0,337.64,5,0.01342281879194629,1.0,1.0,337.64
