city1,city2,distance_km
Abbotsford,Calgary,628
Abbotsford,Edmonton,790
Abbotsford,Hamilton,3287
Abbotsford,Kelowna,223
Abbotsford,"London, Ontario",3200
Abbotsford,Montreal,3634
Abbotsford,Nanaimo,120
Abbotsford,Ottawa,3486
Abbotsford,Prince George,542
Abbotsford,Quebec City,3742
Abbotsford,Toronto,3303
Abbotsford,Vancouver,65
Abbotsford,Victoria,104
Abbotsford,Waterloo Region,3229
Calgary,Edmonton,281
Calgary,Hamilton,2699
Calgary,Kelowna,405
Calgary,"London, Ontario",2619
Calgary,Montreal,3020
Calgary,Nanaimo,733
Calgary,Ottawa,2876
Calgary,Prince George,668
Calgary,Quebec City,3121
Calgary,Toronto,2711
Calgary,Vancouver,673
Calgary,Victoria,728
Calgary,Waterloo Region,2642
Edmonton,Hamilton,2700
Edmonton,Kelowna,580
Edmonton,"London, Ontario",2630
Edmonton,Montreal,2973
Edmonton,Nanaimo,872
Edmonton,Ottawa,2837
Edmonton,Prince George,610
Edmonton,Quebec City,3054
Edmonton,Toronto,2706
Edmonton,Vancouver,818
Edmonton,Victoria,894
Edmonton,Waterloo Region,2644
Hamilton,Kelowna,3079
Hamilton,"London, Ontario",116
Hamilton,Montreal,560
Hamilton,Nanaimo,3404
Hamilton,Ottawa,410
Hamilton,Prince George,3309
Hamilton,Quebec City,787
Hamilton,Toronto,59
Hamilton,Vancouver,3343
Hamilton,Victoria,3371
Hamilton,Waterloo Region,57
Kelowna,"London, Ontario",2994
Kelowna,Montreal,3417
Kelowna,Nanaimo,331
Kelowna,Ottawa,3270
Kelowna,Prince George,500
Kelowna,Quebec City,3522
Kelowna,Toronto,3093
Kelowna,Vancouver,270
Kelowna,Victoria,325
Kelowna,Waterloo Region,3021
"London, Ontario",Montreal,672
"London, Ontario",Nanaimo,3318
"London, Ontario",Ottawa,518
"London, Ontario",Prince George,3237
"London, Ontario",Quebec City,897
"London, Ontario",Toronto,168
"London, Ontario",Vancouver,3258
"London, Ontario",Victoria,3283
"London, Ontario",Waterloo Region,79
Montreal,Nanaimo,3747
Montreal,Ottawa,166
Montreal,Prince George,3580
Montreal,Quebec City,233
Montreal,Toronto,504
Montreal,Vancouver,3686
Montreal,Victoria,3726
Montreal,Waterloo Region,596
Nanaimo,Ottawa,3600
Nanaimo,Prince George,535
Nanaimo,Quebec City,3853
Nanaimo,Toronto,3420
Nanaimo,Vancouver,61
Nanaimo,Victoria,92
Nanaimo,Waterloo Region,3347
Ottawa,Prince George,3445
Ottawa,Quebec City,379
Ottawa,Toronto,352
Ottawa,Vancouver,3539
Ottawa,Victoria,3577
Ottawa,Waterloo Region,440
Prince George,Quebec City,3654
Prince George,Toronto,3315
Prince George,Vancouver,516
Prince George,Victoria,612
Prince George,Waterloo Region,3253
Quebec City,Toronto,730
Quebec City,Vancouver,3792
Quebec City,Victoria,3837
Quebec City,Waterloo Region,819
Toronto,Vancouver,3359
Toronto,Victoria,3388
Toronto,Waterloo Region,94
Vancouver,Victoria,97
Vancouver,Waterloo Region,3286
Victoria,Waterloo Region,3314
